"","length_kbp"
"A2M",48.565
"A4GALT",29.177
"AATK",48.782
"ABAT",110.01
"ABCA1",147.235
"ABCA2",21.695
"ABCA3",64.865
"ABCA7",25.471
"ABCB1",209.69
"ABCB4",78.738
"ABCB6",9.222
"ABCC1",193.497
"ABCC6",74.594
"ABCG1",97.555
"ABHD14A",9.773
"ABHD2",114.901
"ABHD3",53.908
"ABHD6",58.187
"ABI3",12.998
"ABI3BP",244.359
"ABLIM1",253.89
"ABLIM2",193.522
"ABTB2",207.02
"ACAA2",31.793
"ACAD11",102.585
"ACADSB",49.332
"ACAN",71.911
"ACAP1",14.949
"ACAT1",26.26
"ACBD7",11.253
"ACCS",18.297
"ACE",29.175
"ACOT11",96.935
"ACOT2",8.038
"ACOT7",130.122
"ACRBP",9.385
"ACRC",35.172
"ACSF2",48.687
"ACSL1",71.223
"ACSL5",54.362
"ACSS3",324.791
"ACTR3C",79.809
"ADAMTS10",30.493
"ADAMTS12",368.657
"ADAMTS14",89.638
"ADAMTS17",370.416
"ADAMTS2",234.579
"ADAMTS4",14.748
"ADAMTS5",48.601
"ADAMTS6",333.184
"ADAMTS9",172.346
"ADAMTSL1",437.056
"ADAMTSL2",43.355
"ADAMTSL4",11.568
"ADAP1",57.506
"ADAP2",52.978
"ADAT2",27.841
"ADCK5",20.141
"ADCY1",148.976
"ADCY4",16.744
"ADCY7",71.998
"ADCY9",162.798
"ADD3",139.197
"ADM",2.717
"ADORA3",80.614
"ADPRHL1",31.584
"ADRA2C",2.178
"ADRB2",3.442
"AFAP1",181.212
"AFF3",597.32
"AGAP1",637.711
"AGAP11",17.797
"AGAP4",28.281
"AGAP5",23.594
"AGAP6",28.309
"AGER",3.356
"AGPAT2",14.28
"AGPAT4",144.082
"AGPAT9",69.961
"AGRN",35.995
"AHCYL2",205.188
"AHDC1",70.396
"AHNAK2",41.113
"AHRR",134.115
"AHSA2",13.785
"AIM1",58.596
"AK4",84.596
"AKAP12",118.558
"AKAP3",33.539
"AKAP5",9.004
"AKAP6",508.408
"AKAP7",147.869
"AKR1B1",16.934
"ALDH1A3",38.912
"ALDH1B1",5.997
"ALDH2",43.098
"ALDH4A1",31.351
"ALDH5A1",42.355
"ALDH7A1",53.577
"ALOX15B",10.117
"ALOX5",71.943
"ALOX5AP",50.948
"ALPK3",56.802
"ALPL",69.04
"ALS2CL",24.707
"AMACR",21.93
"AMIGO1",5.563
"AMIGO2",4.244
"AMOTL1",170.322
"AMY2B",25.719
"ANGPT1",248.573
"ANGPT2",63.758
"ANGPTL2",35.551
"ANGPTL4",11.084
"ANK3",707.192
"ANKDD1A",46.798
"ANKRD13B",24.992
"ANKRD22",29.686
"ANKRD26",108.584
"ANKRD34A",5.14
"ANKRD36",151.025
"ANKRD36B",97.302
"ANKRD36BP1",1.778
"ANKRD44",344.156
"ANKRD50",48.68
"ANKRD6",200.664
"ANO1",111.226
"ANO7",36.868
"ANO8",11.606
"ANO9",24.078
"ANPEP",30.512
"ANTXR1",236.149
"ANTXR2",224.305
"ANXA1",18.636
"ANXA2",55.749
"ANXA2P1",0.925
"ANXA2P2",1.019
"ANXA5",29.158
"ANXA6",57.17
"ANXA9",13.617
"AOX1",91.196
"AP1M2",14.644
"APBA2",233.832
"APBB1",24.29
"APBB1IP",129.6
"APBB3",35.484
"APH1B",33.108
"APLN",9.128
"APLNR",3.737
"APOBEC3A",40.037
"APOBEC3B",10.457
"APOBEC3C",6.269
"APOBEC3D",18.913
"APOBEC3F",13.306
"APOBEC3G",46.782
"APOC2",3.53
"APOE",3.639
"APOL1",14.52
"APOL4",15.716
"APOL6",20.014
"APOLD1",104.058
"APOM",5.794
"APP",290.578
"AQP3",6.457
"AQP9",47.742
"AREG",9.875
"ARHGAP11A",24.805
"ARHGAP11B",148.499
"ARHGAP15",676.99
"ARHGAP20",136.147
"ARHGAP22",210.231
"ARHGAP23",83.974
"ARHGAP24",527.556
"ARHGAP28",185.998
"ARHGAP29",126.08
"ARHGAP30",23.024
"ARHGAP31",126.341
"ARHGAP32",314.264
"ARHGAP33",14.29
"ARHGAP4",27.632
"ARHGAP6",528.158
"ARHGAP9",16.559
"ARHGEF10L",158.039
"ARHGEF12",153.022
"ARHGEF15",12.275
"ARHGEF17",60.802
"ARHGEF35",9.572
"ARHGEF4",210.347
"ARHGEF6",116.541
"ARL11",5.573
"ARL4A",4.078
"ARL4D",2.178
"ARMC9",176.291
"ARMCX2",4.61
"ARNT2",193.587
"ARNTL2",92.435
"ARRB1",87.523
"ARSG",163.549
"ARSJ",79.443
"ASAH1",28.56
"ASAP3",56.005
"ASB16",8.636
"ASB9",35.179
"ASCL2",2.457
"ASF1B",17.447
"ASPHD1",19.489
"ASPHD2",15.742
"ASPM",62.566
"ASPRV1",2.176
"ASRGL1",55.964
"ASS1",56.345
"ASXL2",144.763
"ATAD2",96.5
"ATAD3B",26.079
"ATAD3C",20.469
"ATAD5",63.899
"ATG16L2",29.366
"ATL1",100.559
"ATOH8",36.722
"ATP10A",187.899
"ATP10D",108.198
"ATP2A3",40.594
"ATP2C2",95.66
"ATP5EP2",0.384
"ATP6V1C2",63.461
"ATP8A1",248.732
"ATP8B2",25.754
"ATP8B3",30.201
"ATP8B4",324.579
"ATP9A",172.12
"AURKA",22.948
"AURKAPS1",1.211
"AURKB",5.867
"AUTS2",1194.149
"AVIL",21.328
"AVPI1",9.899
"AXL",42.563
"B3GNT8",3.371
"B4GALNT1",9.945
"B4GALNT3",103.145
"B4GALT1",63.274
"B4GALT6",63.589
"B9D1",40.628
"BAALC",89.595
"BACE2",114.717
"BAG2",17.507
"BAHCC1",70.857
"BAI2",37.776
"BAIAP2",82.31
"BAIAP3",15.837
"BAMBI",5.597
"BANK1",663.526
"BARD1",84.065
"BATF2",9.102
"BATF3",13.567
"BBC3",11.944
"BCAM",12.361
"BCAS4",87.782
"BCAT1",139.437
"BCL11A",102.4
"BCL11B",102.237
"BCL2",196.782
"BCL2A1",10.557
"BCL6",24.35
"BCL9",84.804
"BDH1",63.54
"BDKRB2",39.487
"BEND5",49.446
"BEND6",72.216
"BEND7",90.49
"BEST1",15.694
"BEX2",1.7
"BEX4",2.154
"BGLAP",1.359
"BGN",14.615
"BHLHE41",5.101
"BICC1",318.297
"BICD1",276.798
"BICD2",53.449
"BIK",18.964
"BIRC3",21.953
"BIRC5",11.45
"BIVM",42.486
"BLNK",79.885
"BLVRA",48.662
"BLVRB",18.051
"BMP4",9.025
"BMP6",154.625
"BMPR1A",176.188
"BMS1P4",22.981
"BNIP3",15.476
"BNIPL",11.03
"BOC",76.456
"BOP1",29.268
"BRCA1",81.188
"BRI3BP",37.531
"BSN",117.056
"BSPRY",21.692
"BST2",2.709
"BTBD11",341.229
"BTBD19",7.103
"BTG2",4.111
"BTG3",19.294
"BTN3A2",13.161
"BTNL9",21.298
"BUB1",40.416
"BUB1B",60.113
"BZRAP1",27.532
"C10orf10",7.829
"C10orf11",1128.714
"C10orf12",4.928
"C10orf25",3.324
"C10orf54",25.939
"C11orf45",6.47
"C11orf52",8.84
"C11orf63",77.27
"C12orf60",103.014
"C12orf75",160.807
"C14orf132",54.756
"C14orf37",298.404
"C14orf80",9.72
"C15orf27",169.284
"C15orf48",18.232
"C15orf52",9.515
"C15orf62",2.369
"C16orf54",3.543
"C16orf59",4.883
"C16orf71",15.124
"C16orf74",61.045
"C16orf86",1.942
"C16orf93",5.287
"C17orf104",33.904
"C17orf107",3.514
"C17orf51",49.668
"C17orf53",20.57
"C17orf58",2.548
"C17orf96",3.718
"C17orf97",13.392
"C18orf54",27.301
"C19orf33",0.848
"C19orf38",33.215
"C19orf57",24.104
"C19orf73",0.743
"C1orf106",24.687
"C1orf115",9.312
"C1orf116",14.235
"C1orf162",4.72
"C1orf192",3.143
"C1orf198",32.47
"C1orf21",241.962
"C1orf210",3.734
"C1orf213",2.842
"C1orf226",19.91
"C1orf53",4.72
"C1orf54",12.716
"C1QTNF2",22.89
"C1QTNF6",19.218
"C2",47.887
"C20orf194",158.32
"C20orf96",19.915
"C21orf58",23.694
"C21orf91",30.419
"C22orf23",10.619
"C2orf15",95.629
"C2orf27A",45.031
"C2orf74",19.761
"C2orf81",7.415
"C2orf88",323.875
"C3",52.858
"C3AR1",8.169
"C3orf14",17.24
"C3orf18",13.002
"C3orf52",44.669
"C3orf58",76.921
"C3orf67",332.719
"C3orf70",74.964
"C4orf19",169.554
"C4orf48",1.977
"C5",97.941
"C5orf34",28.444
"C5orf45",27.04
"C5orf56",65.408
"C6orf132",41.501
"C6orf226",0.551
"C7orf31",45.659
"C7orf50",141.274
"C8orf4",1.853
"C9orf116",6.553
"C9orf129",28.215
"C9orf16",3.668
"C9orf3",360.517
"C9orf9",12.174
"CA11",8.37
"CA13",63.486
"CA2",17.641
"CAB39L",135.476
"CABLES1",125.903
"CACHD1",222.266
"CACNA1C",727.164
"CACNA1H",68.53
"CACNA2D2",141.445
"CACNB1",24.247
"CACNB2",401.192
"CACNB3",15.147
"CACNB4",266.303
"CADM1",335.739
"CALCRL",105.331
"CALD1",226.476
"CAMK2D",310.895
"CAND2",75.444
"CAP2",164.576
"CAPN12",39.717
"CAPN5",59.223
"CAPS",4.501
"CAPS2",114.949
"CARD10",29.18
"CARD11",137.804
"CARD14",39.339
"CARD16",60.105
"CARD8",75.176
"CARD9",11.778
"CARNS1",10.639
"CASC2",163.874
"CASC5",70.322
"CASP1",9.807
"CASS4",48.275
"CASZ1",160.046
"CATSPER2",39.615
"CAV2",221.161
"CBWD3",68.012
"CBWD6",29.393
"CBX7",32.507
"CC2D2A",131.692
"CCDC102B",339.98
"CCDC106",12.099
"CCDC109B",128.521
"CCDC11",39.329
"CCDC113",52.679
"CCDC120",16.285
"CCDC122",55.818
"CCDC125",52.634
"CCDC138",98.72
"CCDC14",64.103
"CCDC146",207.099
"CCDC150",123.936
"CCDC3",203.027
"CCDC30",191.334
"CCDC40",63.981
"CCDC57",111.37
"CCDC64",104.625
"CCDC68",57.999
"CCDC74A",5.991
"CCDC74B",5.847
"CCDC78",4.372
"CCDC8",3.212
"CCDC82",37.154
"CCDC85B",1.523
"CCDC85C",103.846
"CCDC87",2.907
"CCDC88A",132.079
"CCDC88C",146.521
"CCDC96",2.09
"CCL14",3.713
"CCL18",7.752
"CCL22",7.418
"CCL28",35.746
"CCL3",1.913
"CCL5",9.302
"CCNA2",7.489
"CCNB1",11.235
"CCNB2",19.967
"CCND1",13.387
"CCND2",31.578
"CCNE1",12.41
"CCNF",29.46
"CCNT1",28.54
"CCR1",6.687
"CCR6",78.3315
"CCR7",11.703
"CCRN4L",29.963
"CCT6B",53.219
"CD109",132.531
"CD14",1.973
"CD163",33.08
"CD180",14.524
"CD1D",4.949
"CD200R1",53.913
"CD209",7.57
"CD22",28.094
"CD226",130.645
"CD248",2.557
"CD27",6.851
"CD274",20.063
"CD276",30.552
"CD28",32.437
"CD300A",18.38
"CD300LF",18.667
"CD302",29.625
"CD33",18.796
"CD34",30.43
"CD36",309.702
"CD37",8.164
"CD3D",3.79
"CD3E",11.63
"CD4",33.95
"CD40",11.591
"CD44",93.532
"CD5",25.457
"CD59",38.184
"CD68",2.646
"CD69",8.415
"CD7",2.734
"CD72",37.277
"CD74",11.292
"CD80",35.309
"CD82",55.936
"CD84",38.421
"CD86",65.773
"CD8B",46.585
"CD9",38.556
"CD93",6.991
"CD97",28.224
"CD99",50.13
"CDC14A",168.543
"CDC14B",129.589
"CDC25A",31.256
"CDC25C",53.09
"CDC26",19.754
"CDC42BPA",328.609
"CDC42BPG",21.182
"CDC42EP3",96.586
"CDC42EP5",8.238
"CDC7",24.871
"CDCA4",11.575
"CDCA5",17.864
"CDCA7L",45.184
"CDCA8",17.301
"CDCP1",64.144
"CDH1",98.323
"CDH11",182.359
"CDH13",1173.837
"CDH2",226.48
"CDH24",10.476
"CDH3",86.427
"CDH6",135.396
"CDK20",8.312
"CDKL1",86.869
"CDKL5",228.046
"CDKN1A",10.879
"CDKN1C",2.668
"CDKN2A",27.548
"CDKN2C",13.888
"CDKN3",23.369
"CDNF",19.325
"CDR2L",18.168
"CDS1",68.359
"CDSN",5.356
"CDYL2",206.423
"CEACAM1",53.93
"CEACAM19",22.081
"CEACAM21",37.326
"CEBPA",2.63
"CEBPB",1.955
"CECR1",43.199
"CECR6",5.068
"CELF2",331.379
"CELSR2",25.731
"CENPA",36.778
"CENPE",92.603
"CENPF",61.393
"CENPI",65.463
"CENPJ",40.605
"CENPK",45.405
"CENPV",11.122
"CEP152",98.218
"CEP290",93.202
"CEP55",32.46
"CERCAM",25.6
"CERKL",143.989
"CES1",30.486
"CES3",13.911
"CFB",15.392
"CFH",95.626
"CFP",6.092
"CH25H",1.685
"CHAC1",3.557
"CHCHD6",256.186
"CHEK2",54.679
"CHI3L1",7.818
"CHI3L2",42.669
"CHKA",68.585
"CHKB-CPT1B",14.096
"CHL1",212.821
"CHML",7.077
"CHPF",4.84
"CHPT1",47.193
"CHRD",10.663
"CHRNA7",142.033
"CHRNE",5.3
"CHST1",16.745
"CHST10",25.796
"CHST11",306.719
"CHST15",85.941
"CHST3",49.199
"CILP",16.73
"CISH",5.341
"CIT",191.501
"CITED4",1.315
"CKAP2L",28.07
"CKB",3.452
"CKS2",5.505
"CLCF1",10.009
"CLCN2",15.466
"CLCN4",80.715
"CLDN1",16.774
"CLDN11",441.515
"CLDN15",6.728
"CLDN23",2.168
"CLDN3",1.273
"CLDN4",33.151
"CLDN5",4.521
"CLEC10A",5.77
"CLEC11A",2.389
"CLEC1A",42.073
"CLEC2B",17.152
"CLEC4A",14.975
"CLEC7A",13.481
"CLIC2",58.446
"CLIC4",98.967
"CLIP2",116.468
"CLIP3",18.683
"CLIP4",91.938
"CLMN",137.966
"CLTCL1",112.243
"CLYBL",290.465
"CMPK2",26.065
"CMTM4",81.957
"CMTM7",91.396
"CMTM8",131.646
"CMYA5",110.363
"CNFN",3.268
"CNIH3",305.889
"CNKSR1",12.483
"CNN1",11.606
"CNN2",12.487
"CNTD1",12.795
"CNTNAP1",17.201
"COL13A1",162.344
"COL18A1",108.583
"COL1A1",18.343
"COL1A2",36.671
"COL23A1",352.937
"COL24A1",427.71
"COL3A1",38.426
"COL4A4",161.402
"COL4A5",257.701
"COL6A1",23.313
"COL6A2",34.752
"COL7A1",31.194
"COL8A1",160.751
"COL8A2",29.984
"COL9A2",17.329
"COLQ",71.618
"COMTD1",2.061
"CORO2B",148.837
"COX4I2",7.118
"COX6C",20.862
"COX7A1",1.947
"CP",59.645
"CPA3",31.94
"CPE",137.126
"CPEB2",67.479
"CPEB4",73.696
"CPM",129.373
"CPNE5",99.227
"CPNE7",21.478
"CPNE8",260.608
"CPPED1",144.218
"CPXM1",6.568
"CPXM2",234.06
"CR1",144.5
"CREB3L1",43.761
"CREB3L4",6.829
"CREB5",526.573
"CRIP2",7.208
"CRIPAK",4.437
"CRISPLD1",50.043
"CRISPLD2",100.784
"CRMP1",144.974
"CROT",54.114
"CRYAB",15.157
"CRYBG3",122.923
"CRYGS",8.261
"CRYL1",122.19
"CSAD",23.246
"CSF2RA",41.581
"CSF2RB",26.821
"CSGALNACT1",353.868
"CSMD2",651.843
"CSRP2",20.345
"CTAGE4",2.587
"CTAGE9",2.333
"CTCFL",29.686
"CTGF",3.197
"CTH",28.633
"CTHRC1",11.482
"CTNNAL1",70.96
"CTSC",44.195
"CTSD",11.24
"CTSH",28.516
"CTSS",35.761
"CTSW",3.932
"CTXN1",1.681
"CUEDC1",94.08
"CXCL10",2.38
"CXCL11",7.733
"CXCL12",16.328
"CXCL16",6.396
"CXCL2",2.258
"CXCR3",2.601
"CXCR4",3.816
"CXCR6",7.42
"CXorf21",19.02
"CXorf36",52.527
"CXXC5",36.583
"CYB561",14.074
"CYB5R1",5.411
"CYBA",7.869
"CYBB",33.45
"CYFIP2",129.519
"CYGB",23.819
"CYP1B1",42.929
"CYP26B1",18.8
"CYP27B1",6.652
"CYP2U1",22.088
"CYP39A1",103.25
"CYP4V2",21.936
"CYSLTR1",56.227
"CYTH4",33.318
"CYTIP",74.342
"CYYR1",107.075
"D4S234E",70.918
"DAAM1",182.759
"DAAM2",112.511
"DAB2",90.625
"DAB2IP",218.473
"DACT1",14.354
"DAPK1",211.405
"DAPK2",164.997
"DBN1",17.793
"DBNDD2",4.553
"DCHS1",34.531
"DCLK1",362.654
"DCN",42.639
"DCXR",2.596
"DDAH1",259.882
"DDIT4L",4.912
"DDR1",23.735
"DDR2",156.027
"DDX58",70.619
"DDX60L",181.051
"DECR2",10.661
"DENND1B",270.948
"DENND1C",15.35
"DENND2A",155.573
"DENND2C",87.574
"DENND3",78.53
"DENND5B",208.874
"DEPDC1B",103.278
"DEPDC7",17.718
"DFNB31",103.37
"DGAT2",42.023
"DGCR6",8.21
"DGKD",117.597
"DGKE",35.468
"DGKH",216.542
"DHCR24",37.585
"DHCR7",24.675
"DHRS11",9.008
"DHRS4L2",36.534
"DIAPH2",920.334
"DISP1",133.724
"DISP2",12.821
"DIXDC1",95.44
"DKK2",362.004
"DKK3",46.663
"DLC1",432.297
"DLG3",60.629
"DLG4",29.812
"DLG5",135.735
"DLGAP5",43.566
"DLL1",8.267
"DLL4",9.732
"DMPK",12.835
"DMXL2",175.122
"DNA2",58.057
"DNAH1",84.172
"DNAH10",174.018
"DNAH14",503.03
"DNAH17",153.697
"DNAH5",254.212
"DNAJB5",9.259
"DNAJC15",91.021
"DNAJC6",167.65
"DNALI1",9.938
"DNASE1",68.415
"DNHD1",96.498
"DNM1",51.869
"DNM1P35",10.953
"DNM3",576.968
"DNMT3B",46.971
"DOCK1",547.108
"DOCK11",190.265
"DOCK2",446.135
"DOCK4",480.301
"DOCK8",250.405
"DOK2",4.987
"DOK3",9.367
"DOK5",175.574
"DPCD",39.108
"DPEP2",13.192
"DPP4",82.301
"DPY19L1",109.395
"DPYD",843.306
"DRAM1",134.779
"DSC2",43.575
"DSCC1",22.034
"DSG2",50.965
"DST",496.641
"DTX3",5.182
"DUOX1",35.643
"DUSP1",3.105
"DUSP23",1.611
"DUSP4",17.604
"DUSP8",17.876
"DYNC2H1",370.432
"DYRK1B",8.851
"DYSF",233.046
"DZIP1",66.501
"DZIP1L",53.828
"DZIP3",105.164
"E2F1",10.917
"E2F7",44.333
"E2F8",17.557
"EAF2",51.343
"EBF1",403.845
"EBF4",67.23
"ECE1",128.257
"ECE2",43.381
"ECHDC3",21.704
"ECM2",43.101
"ECSCR",17.289
"ECT2",70.792
"EDA2R",43.661
"EDARADD",136.652
"EDN1",6.831
"EDNRA",64.037
"EEF1A1P9",1.382
"EEPD1",148.394
"EFEMP1",58.172
"EFEMP2",7.151
"EFHC1",75.477
"EFHD1",76.724
"EFNA1",7.397
"EFNA3",15.8625
"EFNA4",5.822
"EFNA5",294.006
"EFNB2",45.383
"EFR3B",117.007
"EGFLAM",206.612
"EGR3",5.643
"EHHADH",91.366
"EID2B",1.864
"EID3",1.463
"EIF3C",47.172
"EIF4EBP1",30.024
"ELFN1",59.835
"ELL2",76.973
"ELL3",4.943
"ELMO1",594.888
"ELMO3",4.918
"ELOVL4",32.768
"ELOVL6",153.353
"ELTD1",116.954
"EMB",47.056
"EMCN",484.785
"EME1",8.263
"EME2",8.501
"EMID1",53.746
"EMILIN1",7.841
"EMILIN2",68.963
"EML1",204.367
"EML5",180.321
"EMP2",52.276
"EMR2",46.148
"ENDOD1",42.835
"ENG",39.744
"ENGASE",13.66
"ENO3",9.039
"ENOX1",573.39
"ENPEP",199.552
"ENPP2",116.367
"ENTPD2",5.947
"EPB41L1",141.295
"EPB41L2",223.975
"EPB41L3",238.319
"EPB41L4A",276.875
"EPB41L4B",148.989
"EPHA1",18.603
"EPHA2",31.75
"EPHA3",374.61
"EPHA4",156.175
"EPHB3",20.625
"EPHB4",24.956
"EPHB6",16.033
"EPM2AIP1",8.125
"EPN2",121.1
"EPOR",7.137
"EPPK1",21.14
"EPS8L1",15.903
"EPS8L2",33.289
"EPSTI1",105.883
"ERAP2",43.777
"ERCC6L",34.39
"ERG",281.753
"ERN1",91.677
"ERO1L",55.984
"ERP27",25.047
"ERRFI1",21.904
"ESCO2",40.691
"ESPL1",25.344
"ESRP2",8.991
"ETNK2",20.941
"ETS1",128.797
"ETV3",17.283
"ETV5",64.01
"ETV7",33.158
"EVC2",166.776
"EVI2B",10.346
"EVL",172.787
"EXOC3L2",21.59
"EXOC6B",650.057
"EXPH5",88.307
"F12",7.436
"F13A1",176.928
"F2R",19.738
"F2RL3",3.746
"F3",12.575
"F5",72.422
"F8",191.152
"FA2H",61.876
"FAAH2",202.49
"FADS2",74.374
"FAH",34.456
"FAHD2B",11.299
"FAIM3",18.861
"FAM102A",39.934
"FAM109B",5.19
"FAM110B",209.77
"FAM111B",20.225
"FAM114A1",78.062
"FAM115A",50.823
"FAM115C",109.459
"FAM124B",23.387
"FAM126A",124.759
"FAM127A",1.18
"FAM127B",1.264
"FAM127C",2.025
"FAM129A",183.826
"FAM134B",144.02
"FAM135A",148.233
"FAM149A",68.248
"FAM160A1",254.416
"FAM161B",18.913
"FAM169A",89.377
"FAM171A2",10.66
"FAM173A",2.02
"FAM193B",34.753
"FAM19A5",361.452
"FAM20C",67.776
"FAM46C",22.438
"FAM47E",69.74
"FAM49A",116.872
"FAM53A",66.387
"FAM57A",10.56
"FAM64A",7.054
"FAM65B",244.795
"FAM72B",17.893
"FAM72D",16.696
"FAM78A",18.471
"FAM81A",150.856
"FAM83D",26.794
"FAM83G",36.015
"FAM84A",18.128
"FAM84B",5.951
"FAM86B1",12.037
"FAM89A",21.288
"FAM92A1",32.966
"FANCA",79.108
"FANCE",14.742
"FANK1",113.053
"FAR2",191.877
"FARP1",312.614
"FASN",19.994
"FAT4",176.533
"FBLIM1",29.987
"FBLN1",98.897
"FBLN2",89.291
"FBLN5",78.575
"FBLN7",49.831
"FBXL16",13.331
"FBXL22",5.075
"FBXL6",3.945
"FBXL7",439.599
"FBXO17",34.509
"FBXO32",43.317
"FBXO36",90.807
"FBXO43",12.44
"FCER1G",5.465
"FCGBP",71.303
"FCGR1B",8.965
"FCGR1C",8.782
"FCGR2A",18.583
"FCGR2C",24.323
"FCGRT",19.517
"FCHO1",40.85
"FCN3",5.712
"FCRLB",6.58
"FERMT1",48.699
"FGD3",88.785
"FGD4",246.521
"FGD5",115.603
"FGF2",71.528
"FGFR2",120.124
"FGL2",6.455
"FHDC1",43.344
"FHIT",1502.149
"FHL2",80.801
"FHOD3",482.341
"FIGNL2",1.956
"FILIP1",201.879
"FILIP1L",284.372
"FKBP11",4.956
"FKBP5",154.998
"FKBP9",49.527
"FLJ42627",2
"FLNA",26.114
"FLNB",163.851
"FLNC",28.897
"FLRT2",124.282
"FLT1",194.784
"FLT3LG",12.024
"FMNL1",25.876
"FMNL2",314.597
"FMO4",27.876
"FMO5",67.699
"FMOD",10.861
"FNDC1",102.712
"FNDC5",10.214
"FNIP2",138.911
"FOLH1",62.035
"FOLR2",5.349
"FOS",3.456
"FOSL1",8.524
"FOXC1",3.925
"FOXF1",4.891
"FOXF2",5.763
"FOXM1",19.359
"FOXP1",629.296
"FOXP3",14.39
"FOXQ1",1.714
"FOXRED2",19.911
"FOXS1",1.318
"FPR1",58.938
"FPR3",31.026
"FRAS1",486.699
"FRK",129.609
"FRMD6",241.627
"FRY",267.822
"FRZB",33.887
"FSD1L",104.637
"FSTL1",58.96
"FSTL3",7.025
"FTL",1.577
"FUT2",9.979
"FUT4",6.058
"FUZ",10.507
"FXYD5",15.153
"FYB",169.292
"FYN",213.12
"FZD2",2.111
"FZD4",9.712
"FZD6",34.433
"FZD7",3.858
"G6PD",16.181
"GAB2",203.051
"GAB3",76.334
"GABARAPL1",10.672
"GABBR1",78.347
"GADD45A",3.277
"GALC",155.845
"GALNT10",230.254
"GALNT12",42.382
"GALNT3",47.091
"GALNT4",5.398
"GAN",75.932
"GAS1",2.826
"GAS2L1",6.203
"GAS2L3",54.603
"GAS5",4.982
"GATA2",13.758
"GATA3",21.594
"GATA6",33.085
"GATSL3",4.51
"GBAP1",13.601
"GBP1",13.041
"GBP2",44.324
"GBP3",16.228
"GBP4",17.784
"GCH1",60.844
"GCHFR",3.69
"GCLC",119.629
"GCLM",24.251
"GCNT1",87.566
"GCNT2",137.145
"GCOM1",122.837
"GCSH",14.442
"GDF11",13.998
"GDF9",5.703
"GDPD5",91.263
"GEMIN8P4",0.728
"GFI1",12.114
"GFOD1",129.832
"GGH",24.092
"GGT5",25.488
"GGTLC2",3.428
"GHR",298.101
"GIMAP2",7.944
"GIMAP4",6.678
"GIMAP5",33.476
"GIMAP6",7.273
"GIMAP7",6.243
"GIMAP8",28.762
"GINS2",13.875
"GIPC1",18.389
"GIPC3",7.988
"GJA1",14.035
"GJC1",32.368
"GJC2",9.974
"GJD3",0.884
"GK",78.097
"GK3P",3.504
"GLB1L2",46.467
"GLDN",66.384
"GLI1",12.127
"GLI2",257.03
"GLIPR1",23.173
"GLIPR2",27.377
"GLRB",96.033
"GLRX",71.686
"GLS",84.725
"GLS2",17.47
"GLT8D2",75.199
"GLUD2",2.492
"GLUL",10.502
"GNA11",29.594
"GNA14",225.228
"GNA15",27.576
"GNAO1",166.054
"GNAZ",54.676
"GNB4",52.388
"GNG11",6.911
"GNG12",132.001
"GNG2",153.147
"GNLY",13.679
"GNRH1",5.394
"GOLGA6L10",9.477
"GOLGA6L9",9.135
"GOLGA8A",58.398
"GOLGA8B",63.296
"GOLM1",74.027
"GPAT2",17.505
"GPC1",32.407
"GPC3",450.15
"GPC6",1180.559
"GPCPD1",66.587
"GPD1L",63.024
"GPM6B",167.607
"GPNMB",39.141
"GPR124",60.705
"GPR126",144.412
"GPR132",16.056
"GPR133",187.562
"GPR137B",79.36
"GPR137C",84.565
"GPR146",14.685
"GPR153",13.629
"GPR155",55.523
"GPR157",28.865
"GPR161",58.124
"GPR162",8.427
"GPR176",121.869
"GPR19",35.316
"GPR3",3.17
"GPR34",8.304
"GPR56",54.928
"GPR65",9.687
"GPR68",21.393
"GPR89B",65.128
"GPR98",634.877
"GPRASP1",7.717
"GPRASP2",5.557
"GPRC5C",26.802
"GPRIN1",14.331
"GPRIN3",71.624
"GPSM3",4.757
"GPT2",46.919
"GPX7",6.679
"GRAMD3",136.362
"GRAP",26.964
"GRAP2",72.639
"GRB10",203.399
"GREB1",108.672
"GREM1",27.133
"GRHL1",50.584
"GRID1",766.938
"GRIN2D",50.056
"GRIP1",456.755
"GRK5",252.153
"GRTP1",39.984
"GSDMB",15.259
"GSG2",2.796
"GSPT2",2.801
"GSTA4",17.43
"GSTM2",41.529
"GSTM3",7.106
"GSTM4",18.755
"GSTM5",63.173
"GSTO2",36.072
"GSTP1",3.065
"GSTT2",3.788
"GTF2H2B",32.663
"GTF2IRD1",148.814
"GTF2IRD2B",57.244
"GTSE1",34.069
"GUCA1B",10.515
"GUCY1A3",65.638
"GULP1",304.262
"GUSBP3",39.8
"GYPC",40.742
"GZMB",3.313
"GZMH",3.219
"H19",6.307
"HAAO",25.504
"HAS2",29.274
"HAS3",13.155
"HAVCR2",57.037
"HBB",3.931
"HBEGF",13.788
"HCFC1R1",1.666
"HCG11",3.129
"HCK",49.668
"HCLS1",29.528
"HCST",1.897
"HDAC11",26.7
"HDGFRP3",95.28
"HDX",184.605
"HEG1",90.248
"HEPH",106.318
"HERC2P2",49.457
"HERC5",49.046
"HES2",12.252
"HEY1",3.853
"HEY2",13.605
"HFE",11.062
"HHIPL1",35.459
"HIC1",9.087
"HIF1A",52.746
"HIP1",205.662
"HIPK2",216.208
"HIST1H2BD",13.203
"HIST1H2BJ",6.853
"HIST1H2BK",0.38
"HIST1H3E",0.41
"HIST2H2BE",44.448
"HIST2H2BF",29.684
"HIST2H4A",7.108
"HK3",18.463
"HLA-A",4.624
"HLA-B",3.316
"HLA-C",88.409
"HLA-DMA",20.481
"HLA-DMB",6.441
"HLA-DOA",5.434
"HLA-DOB",4.285
"HLA-DPB1",11.275
"HLA-DQA2",5.873
"HLA-DQB1",8.916
"HLA-DQB2",7.436
"HLA-DRA",5.204
"HLA-DRB5",12.944
"HLA-DRB6",7.309
"HLA-F",15.753
"HLA-G",4.158
"HLA-H",2.73
"HLA-L",33.43
"HLF",60.053
"HMGA1",9.358
"HMGB3",10.266
"HMGN5",88.241
"HMHA1",20.705
"HMMR",31.742
"HN1",33.033
"HNF1A",23.969
"HNMT",52.344
"HNRNPA3P1",1.138
"HOMER1",141.581
"HOMER3",12.06
"HOOK1",61.592
"HOXA10",9.67
"HOXA3",46.397
"HOXA4",2.292
"HOXA5",2.616
"HOXA7",4.22
"HOXB2",4.095
"HOXB3",56.042
"HOXB4",4.598
"HOXB6",9.241
"HOXB7",26.345
"HOXD8",3.001
"HOXD9",2.217
"HPGD",32.977
"HPGDS",44.341
"HPSE",42.692
"HR",18.969
"HRH1",126.464
"HS6ST1",81.861
"HSBP1L1",6.261
"HSD11B1L",7.919
"HSD11B2",6.901
"HSD17B11",54.776
"HSD17B6",35.629
"HSD17B7P2",22.125
"HSD17B8",2.189
"HSF2BP",130.301
"HSF4",6.56
"HSFX2",2.201
"HSH2D",24.547
"HSP90AB2P",5.243
"HSPA12A",71.382
"HSPA1A",2.482
"HSPA1B",2.52
"HSPA6",2.37
"HSPA7",1.926
"HSPB8",42.489
"HTR7P1",4.41
"HTRA1",53.383
"HYAL3",6.64
"ICAM1",15.78
"ID2",5.608
"IDO1",26.169
"IFFO1",17.708
"IFFO2",52.405
"IFI16",55.187
"IFI27",11.862
"IFI27L2",2.474
"IFI35",7.731
"IFI44",14.282
"IFI6",6.157
"IFIH1",51.624
"IFIT1",13.94
"IGDCC4",41.608
"IGF1R",315.559
"IGFBP5",23.42
"IGFBP6",4.909
"IGSF10",33.325
"IGSF9",18.565
"IKBKE",26.413
"IL10RA",15.135
"IL11RA",11.19
"IL12RB1",39.949
"IL15",97.388
"IL15RA",40.618
"IL16",154.483
"IL17RD",80.324
"IL17RE",13.79
"IL18",20.866
"IL18BP",7.174
"IL1B",7.152
"IL1RN",26.802
"IL21R",49.88
"IL23A",6.236
"IL27RA",21.468
"IL2RA",51.636
"IL32",16.895
"IL33",42.197
"IL34",80.787
"IL4I1",39.885
"IL4R",51.11
"IL6ST",59.898
"IL7R",26.908
"INADL",421.443
"INHBA",17.994
"INMT",59.617
"INPP1",28.195
"INPP4B",824.272
"INPP5J",11.965
"INS-IGF2",28.671
"INSR",181.779
"INTS4L1",92.991
"INTS4L2",67.797
"INTU",103.466
"IPCEF1",202.296
"IPMK",76.417
"IQCD",25.653
"IQCK",142.011
"IQGAP2",304.883
"IRAK2",78.878
"IRF4",19.708
"IRF5",12.423
"IRF7",3.446
"IRF8",23.806
"IRS1",68.442
"ISG15",13.403
"ISG20",20.33
"ISLR",3.201
"ITGA1",171.314
"ITGA10",18.981
"ITGA11",135.629
"ITGA2",105.453
"ITGA3",34.513
"ITGA4",78.985
"ITGA5",24.199
"ITGA7",31.475
"ITGA9",371.399
"ITGAL",50.527
"ITGAM",72.902
"ITGB2",46.036
"ITGB3",74.1825
"ITGB4",36.49
"ITGB6",172.222
"ITGB7",15.989
"ITGB8",85.052
"ITGBL1",268.263
"ITIH4",18.504
"ITK",112.258
"ITM2C",14.609
"ITPR1",354.492
"ITPR2",496.683
"ITPR3",76.209
"ITPRIP",28.706
"JAG1",36.423
"JAG2",27.843
"JAK3",23.291
"JAZF1",350.17
"JMJD7-PLA2G4B",20.06
"JPH1",86.628
"JUP",32.327
"KAL1",203.313
"KALRN",646.302
"KANK1",275.815
"KANK2",33.524
"KAT2B",114.381
"KATNAL1",104.854
"KATNAL2",184.751
"KBTBD8",12.903
"KCNAB1",501.437
"KCNC4",71.757
"KCND1",10.191
"KCNE3",12.888
"KCNE4",146.585
"KCNIP4",1220.183
"KCNJ15",150.323
"KCNJ2",11.375
"KCNK1",58.508
"KCNK13",124.092
"KCNK5",40.477
"KCNMA1",768.994
"KCNMB4",68.016
"KCNN3",172.825
"KCNN4",14.724
"KCNQ1",404.425
"KCNS3",483.769
"KCTD1",202.491
"KCTD11",3.055
"KCTD15",19.83
"KCTD17",11.654
"KCTD3",54.415
"KCTD6",10.246
"KDELR3",15.385
"KDR",47.112
"KHDC1",69.051
"KHDRBS3",199.265
"KIAA0040",36.012
"KIAA0513",66.479
"KIAA0895L",8.438
"KIAA0922",170.365
"KIAA1024",39.774
"KIAA1161",10.183
"KIAA1211",158.43
"KIAA1217",853.102
"KIAA1244",182.742
"KIAA1324",93.102
"KIAA1324L",182.793
"KIAA1377",86.043
"KIAA1407",92.476
"KIAA1462",102.694
"KIAA1467",98.237
"KIAA1522",33.085
"KIAA1549",149.937
"KIAA1598",245.104
"KIAA1614",38.46
"KIAA1644",69.184
"KIAA1671",244.718
"KIAA1683",17.412
"KIAA1755",50.284
"KIAA1919",11.819
"KIF11",62.109
"KIF14",69.237
"KIF15",111.659
"KIF16B",301.329
"KIF17",54.003
"KIF23",34.181
"KIF26A",42.171
"KIF26B",554.446
"KIF2C",27.949
"KIF3C",56.153
"KIF4A",130.742
"KIF5C",151.509
"KIFC1",18.388
"KIFC2",8.159
"KIRREL",106.989
"KIT",82.797
"KITLG",88.058
"KL",49.712
"KLF7",93.13
"KLF9",30.027
"KLHDC8B",4.875
"KLHDC9",1.985
"KLHL17",5.128
"KLHL23",82.501
"KLHL29",323.394
"KLHL3",118.59
"KLHL31",17.807
"KLHL6",68.158
"KLRB1",13.335
"KLRD1",103.542
"KLRK1",19.521
"KNTC1",99.15
"KPNA2",11.323
"KPNA5",60.679
"KRBA1",19.794
"KRBA2",11.3115
"KRT10",4.478
"KRT17",5.405
"KRT18",4.03
"KRT19",4.691
"KRT80",23.004
"KRTCAP3",4.115
"KSR1",169.724
"LACTB2",33.856
"LAD1",26.364
"LAG3",5.943
"LAMA1",176.07
"LAMA3",265.623
"LAMA4",146.179
"LAMA5",59.357
"LAMB1",79.456
"LAMC1",122.132
"LAMC2",58.662
"LAMC3",85.391
"LAMP3",41.626
"LAPTM5",25.351
"LARGE",760.615
"LARP6",25.029
"LAT2",30.182
"LAX1",11.057
"LAYN",21.465
"LBR",27.423
"LCA5",52.467
"LCA5L",39.961
"LCAT",4.381
"LCK",34.926
"LCP1",85.951
"LDB2",397.268
"LDLRAD2",12.956
"LDLRAD3",288.155
"LENG8",13.15
"LEPR",220.907
"LEPREL1",165.709
"LETM2",23.32
"LFNG",16.648
"LGALS1",4.198
"LGALS3",21.303
"LGALS3BP",8.871
"LGALS9C",18.208
"LGMN",44.895
"LGR4",106.814
"LGR6",125.88
"LHFP",260.636
"LIF",6.404
"LILRA2",14.64
"LILRA6",25.932
"LILRB1",127.075
"LILRB2",42.28
"LILRB4",26.47
"LILRB5",7.87
"LIMA1",107.758
"LIMCH1",340.437
"LIMD2",5.27
"LIME1",2.82
"LINGO1",207.873
"LIPG",38.483
"LMCD1",66.418
"LMNB1",60.397
"LMO2",33.713
"LMOD1",50.136
"LMTK3",27.918
"LNP1",55.126
"LNPEP",102.121
"LOH12CR2",1.661
"LONRF3",43.741
"LOXL3",23.276
"LPHN1",58.444
"LPHN2",686.276
"LPPR4",45.637
"LRCH2",123.456
"LRFN1",8.768
"LRFN3",10.409
"LRFN4",3.828
"LRG1",4.065
"LRIG3",48.373
"LRMP",87.332
"LRP12",99.793
"LRP2BP",32.02
"LRP3",31.264
"LRP4",61.774
"LRP5",136.666
"LRP5L",53.959
"LRP6",150.987
"LRP8",82.531
"LRRC1",129.624
"LRRC17",31.958
"LRRC25",6.473
"LRRC29",19.909
"LRRC32",13.223
"LRRC34",19.558
"LRRC37A",45.061
"LRRC37A2",44.139
"LRRC37A3",65.168
"LRRC4",5.036
"LRRC46",6.086
"LRRC49",200.418
"LRRC56",17.389
"LRRC6",103.664
"LRRC70",2.713
"LRRC8C",136.831
"LRRCC1",38.929
"LRRK1",159.039
"LRRN2",68.563
"LTB",1.997
"LTB4R",6.586
"LTB4R2",6.319
"LTBP2",114.208
"LTBP4",36.935
"LTF",49.589
"LUM",9.202
"LXN",26.871
"LY6G5B",5.6375
"LY86",66.875
"LY96",37.735
"LYN",131.568
"LYNX1",13.89
"LYPD1",26.726
"LYPD3",4.873
"LYPLA2P1",0.695
"LYSMD2",28.574
"LYST",222.599
"LYVE1",54.723
"LYZ",5.893
"MAGED1",99.35
"MAGED2",8.413
"MAGED4",7.445
"MAGED4B",7.421
"MAGEH1",1.461
"MAGI1",685.309
"MAGI2",1436.517
"MAGI3",295.174
"MAGIX",5.919
"MAL2",80.639
"MALAT1",3.47866666666667
"MAMDC2",183.389
"MAML2",366.582
"MAML3",437.431
"MAMLD1",152.756
"MAMSTR",6.979
"MAN1A1",172.552
"MAN1C1",168.739
"MAN2A1",180.259
"MANEAL",7.335
"MANSC1",24.485
"MAOA",91.917
"MAOB",115.836
"MAP1A",20.662
"MAP1B",102.336
"MAP3K1",80.578
"MAP3K12",20.394
"MAP3K13",206.156
"MAP3K5",235.471
"MAP3K6",11.708
"MAP3K8",27.896
"MAP3K9",87.008
"MAP4K1",31.241
"MAP6",82.202
"MAP6D1",9.718
"MAP7",208.538
"MAP7D3",43.262
"MAP9",34.312
"MAPK10",579.008
"MAPK12",16.375
"MAPK13",16.715
"MAPK8IP1",20.814
"MAPK8IP3",64.134
"MAPRE2",166.542
"MAPRE3",56.584
"MARCKS",6.109
"MARCKSL1",2.547
"MARK1",136.278
"MARVELD2",29.218
"MAST4",573.234
"MATN3",20.583
"MBOAT1",110.254
"MBP",154.856
"MC1R",8.858
"MCAM",12.992
"MCC",466.731
"MCF2L",205.361
"MCM4",17.975
"MCM8",45.242
"MCTP1",580.834
"MCTP2",252.414
"MDFIC",97.762
"MDGA1",68.627
"MDM4",41.741
"ME1",220.682
"ME3",231.528
"MECOM",580.119
"MEF2B",24.721
"MEF2C",185.947
"MEG3",81.621
"MEGF6",121.575
"MEGF9",113.657
"MEI1",99.957
"MEIS1",140.417
"MEIS3P1",0.957
"MERTK",131.082
"MESP1",2.649
"MET",125.996
"METTL7B",3.065
"MEX3B",4.363
"MFAP2",6.333
"MFAP3L",46.434
"MFAP5",25.542
"MFGE8",14.728
"MFHAS1",110.291
"MFNG",17.338
"MFRP",5.505
"MGAT3",34.85
"MGAT4A",112.02
"MGLL",134.188
"MGP",4.745
"MICAL2",169.781
"MICAL3",236.91
"MICALCL",83.064
"MICALL1",37.165
"MID1",388.344
"MIF",1.223
"MIPOL1",354.448
"MIR155HG",13.259
"MIR17HG",6.759
"MIR600",0.097
"MITF",228.902
"MKI67",29.726
"MLF1",36.089
"MLKL",29.105
"MLLT11",10.739
"MLLT3",280.878
"MME",159.605
"MMP11",16.09
"MMP14",12.47
"MMP17",23.39
"MMP23B",69.715
"MMRN1",75.097
"MMRN2",33.941
"MND1",70.469
"MNDA",18.189
"MNS1",43.593
"MOCOS",84.638
"MORC4",186.373
"MORN2",53.11
"MORN4",18.947
"MOXD1",105.49
"MPDZ",173.886
"MPHOSPH9",91.694
"MPP1",42.323
"MPP2",34.354
"MPP3",32.371
"MPP6",120.925
"MPP7",283.493
"MPZ",5.237
"MPZL2",11.133
"MRC1",101.826
"MRGPRF",9.014
"MRVI1",120.897
"MS4A4A",28.431
"MS4A6A",12.652
"MSC",2.919
"MSH5",22.886
"MST1",5.554
"MST1P2",4.667
"MST1R",16.871
"MSTO2P",4.308
"MT1E",1.637
"MT1F",3.004
"MT1G",1.334
"MT1X",1.772
"MT2A",1.298
"MTBP",96.733
"MTCP1",86.315
"MTHFD1L",236.338
"MTMR11",8.247
"MTMR7",115.498
"MTSS1L",24.862
"MTUS1",157.122
"MUC1",7.092
"MUC20",20.241
"MVD",11.226
"MVP",27.645
"MX2",47.447
"MXD1",45.257
"MXRA5",38.076
"MYBL2",49.477
"MYC",6
"MYCBP2",282.395
"MYCN",6.443
"MYH11",153.898
"MYH14",122.359
"MYL6B",7.391
"MYL9",9.963
"MYLK",274.282
"MYLK4",87.337
"MYO1B",180.204
"MYO1D",384.655
"MYO1E",240.466
"MYO1G",16.436
"MYO5A",221.767
"MYO5B",372.28
"MYO5C",103.476
"MYO9A",296.288
"N4BP2L1",27.455
"N4BP3",12.644
"NAALADL1",13.731
"NACA2",0.776
"NACAD",8.476
"NACAP1",10.913
"NACC2",88.748
"NAIP",56.631
"NAMPT",38.041
"NAP1L5",2.32
"NAPSB",10.971
"NAT1",53.212
"NAV1",204.084
"NAV2",770.874
"NAV3",382.103
"NBEA",730.735
"NBEAL1",211.499
"NBEAL2",30.02
"NBPF10",80.243
"NBPF11",50.276
"NBPF14",157.052
"NBPF15",40.288
"NBPF3",44.877
"NBPF9",49.534
"NCALD",438.364
"NCAPG",33.96
"NCAPH",38.058
"NCEH1",80.969
"NCF1B",15.321
"NCF1C",15.405
"NCKAP1",129.743
"NCKAP1L",50.527
"NCKAP5",896.664
"NCOA7",150.869
"NCS1",64.726
"NDC80",45.124
"NDFIP2",74.951
"NDN",1.93
"NDUFA3",6.529
"NDUFA4L2",5.812
"NEB",249.151
"NECAB1",167.858
"NECAB3",17.376
"NEDD4",166.824
"NEFH",11.16
"NEGR1",886.794
"NEIL1",10.159
"NEK2",16.973
"NEK3",27.222
"NEO1",253.496
"NES",8.634
"NET1",45.912
"NETO2",66.294
"NEURL1B",50.274
"NEURL2",2.662
"NEXN",55.382
"NFATC2",175.874
"NFATC4",13.931
"NFE2L3",34.885
"NFIA",597.534
"NFIB",317.14
"NFIL3",14.817
"NFKBID",14.65
"NFKBIZ",33.031
"NGFRAP1",1.737
"NHLRC1",1.187
"NHLRC4",2.499
"NHS",360.574
"NID2",64.425
"NINJ2",99.483
"NINL",132.812
"NIPA1",56.728
"NIPAL2",104.56
"NIPSNAP3B",13.3
"NKD1",92.409
"NKD2",30.114
"NKTR",48.127
"NKX3-1",4.234
"NLGN3",26.37
"NLGN4X",388.226
"NLRC4",41.401
"NLRC5",94.046
"NLRP3",32.952
"NMB",3.434
"NME1-NME2",6.312
"NME2P1",0.413
"NMNAT3",117.837
"NOD2",39.474
"NOL3",5.581
"NOS3",23.593
"NOSTRIN",78.975
"NOTCH3",41.943
"NOTCH4",29.224
"NOV",8.047
"NOXA1",11.056
"NPAS2",176.677
"NPDC1",6.733
"NPHP1",82.755
"NPL",41.091
"NPM3",2.088
"NPNT",109.252
"NPR1",15.355
"NPR2",17.578
"NR2F1",11.278
"NR2F2",14.325
"NR2F6",14.057
"NR3C1",157.581
"NR3C2",365.936
"NR4A1",36.675
"NR4A2",17.916
"NR5A2",149.822
"NRARP",1.769
"NRBP2",7.38
"NRGN",7.364
"NRIP1",103.765
"NRIP2",10.196
"NRN1",9.606
"NRP1",158.77
"NRP2",116.143
"NRXN2",117.014
"NSUN5P1",6.465
"NSUN5P2",7.209
"NT5DC2",10.669
"NT5DC3",70.744
"NT5E",46.207
"NTN1",222.458
"NTN4",133.345
"NTNG2",82.858
"NTRK2",358.519
"NUAK1",76.693
"NUAK2",19.696
"NUDT12",13.938
"NUDT14",8.385
"NUDT16P1",3.224
"NUDT17",3.324
"NUDT7",19.768
"NUDT8",1.992
"NUF2",89.188
"NUP62CL",83.006
"NUSAP1",48.356
"NXPH3",7.969
"NXPH4",9.654
"OAF",19.565
"OAS1",25.408
"OAS2",33.328
"OASL",18.95
"OAT",21.673
"OAZ3",8.363
"ODC1",8.536
"OGFRL1",20.147
"OLFM1",45.757
"OLFML1",25.989
"OLFML2A",37.727
"OLFML3",2.863
"OPHN1",391.569
"OPN3",87.274
"OPRL1",20.47
"OPTN",38.859
"OR2A4",0.932
"OR2A7",1.115
"OR2A9P",6.454
"OSBP2",214.042
"OSBPL1A",235.836
"OSBPL3",185.095
"OSBPL7",14.462
"OSCAR",8.024
"OSGIN1",18.05
"OSMR",99.738
"OSR2",7.701
"OTUB2",22.601
"OTUD7B",72.864
"OVOL1",10.197
"OXER1",1.78
"P2RX7",55.213
"P2RY1",3.358
"P2RY11",3.834
"P2RY13",3.236
"P2RY14",66.35
"P2RY8",74.535
"P4HA2",103.477
"P4HTM",17.268
"PA2G4P4",1.181
"PABPC1L",48.973
"PABPC3",3.386
"PADI2",52.674
"PAFAH1B3",6.513
"PALM2",305.915
"PALM2-AKAP2",392.203
"PALMD",48.598
"PAMR1",98.477
"PANK1",66.075
"PANX2",9.563
"PAPPA",248.518
"PAPSS2",88.092
"PAQR6",4.796
"PAQR8",46.356
"PARD3B",1074.369
"PARD6A",1.832
"PARD6G",90.314
"PARM1",117.02
"PARP8",180.623
"PARVA",153.616
"PARVB",173.738
"PARVG",46.577
"PAX8",62.953
"PBK",28.475
"PBLD",50.389
"PBX1",343.712
"PBX3",220.032
"PCBP4",10.956
"PCDH1",26.135
"PCDH12",26.156
"PCDH17",97.501
"PCDH18",13.576
"PCDH7",426.39
"PCDHB10",8.323
"PCDHB11",4.197
"PCDHB12",3.874
"PCDHB13",5.06
"PCDHB14",4.827
"PCDHB15",4.016
"PCDHB16",5
"PCDHB2",4.125
"PCDHB3",52.163
"PCDHB4",3.824
"PCDHB5",3.407
"PCDHB6",3.265
"PCDHB7",3.764
"PCDHB9",4.414
"PCDHGA10",99.992
"PCDHGA11",91.932
"PCDHGA12",82.39
"PCDHGA2",174.219
"PCDHGA9",110.047
"PCDHGB4",125.281
"PCDHGB5",114.992
"PCDHGB6",104.958
"PCDHGC3",37.032
"PCGF2",15.92
"PCLO",408.917
"PCSK5",471.695
"PDCD1LG2",60.684
"PDCD4",28.211
"PDE10A",659.316
"PDE3A",315.136
"PDE3B",228.321
"PDE4D",1553.082
"PDE5A",134.596
"PDE7A",124.812
"PDE8B",219.358
"PDE9A",121.873
"PDGFA",23.038
"PDGFC",210.94
"PDGFD",257.193
"PDK1",53.296
"PDK4",12.992
"PDLIM1",53.452
"PDLIM3",34.952
"PDLIM4",15.783
"PDPN",34.492
"PDPR",48.911
"PDZD4",28.399
"PDZK1IP1",7.451
"PDZRN3",242.507
"PEA15",10.039
"PECAM1",94.361
"PEG10",13.37
"PEG3",30.645
"PELI2",183.712
"PERP",19.006
"PEX11A",13.019
"PEX11G",20.574
"PFKM",41.265
"PGAM2",2.86
"PGAM4",0.764
"PGAP1",94.792
"PGAP3",25.675
"PGBD1",20.977
"PGD",21.552
"PGF",13.95
"PGM2L1",68.155
"PGM5",202.753
"PHACTR1",573.679
"PHGDH",84.417
"PHKA1",135.505
"PHKA2",92.298
"PHLDB1",51.598
"PHLDB2",244.02
"PHLDB3",29.981
"PHLPP1",264.983
"PHOSPHO2",7.254
"PI4KAP1",44.322
"PI4KAP2",44.533
"PID1",420.759
"PIF1",10.036
"PIGR",17.948
"PIGZ",22.717
"PIH1D2",10.264
"PIK3CD",77.382
"PIK3CG",41.867
"PIK3R3",92.896
"PIK3R6",64.954
"PILRA",32.569
"PILRB",15.557
"PIPOX",106.707
"PIPSL",3.349
"PIR",108.765
"PITPNC1",319.98
"PITPNM1",14.495
"PITPNM3",105.23
"PIWIL4",77.581
"PKDCC",10.508
"PKIA",89.128
"PKIG",92.462
"PKMYT1",12.515
"PLA2G4C",62.974
"PLA2G7",31.492
"PLA2R1",130.604
"PLAC8",47.027
"PLAG1",50.42
"PLAGL1",124.299
"PLAGL2",15.288
"PLAT",32.491
"PLAU",8.32
"PLAUR",24.452
"PLB1",186.643
"PLCB1",836.179
"PLCB2",29.759
"PLCD3",24.387
"PLCD4",29.419
"PLCE1",338.834
"PLCG2",223.596
"PLCH1",369.487
"PLCH2",79.55
"PLCL1",767.879
"PLCL2",287.943
"PLCXD2",171.771
"PLD1",210.545
"PLD2",16.338
"PLD4",12.974
"PLEC",61.587
"PLEK2",25.217
"PLEKHA6",158.814
"PLEKHB1",16.641
"PLEKHF1",10.401
"PLEKHG1",243.802
"PLEKHG3",46.145
"PLEKHG5",53.969
"PLEKHG6",18.07
"PLEKHH1",56.311
"PLEKHH2",130.714
"PLGLB2",10.706
"PLIN2",40.915
"PLIN4",15.512
"PLIN5",12.693
"PLK1",12.711
"PLK4",18.334
"PLLP",36.14
"PLN",12.432
"PLOD2",94.213
"PLP2",3.313
"PLS1",117.277
"PLS3",89.687
"PLSCR4",58.84
"PLXDC1",91.091
"PLXDC2",473.617
"PLXNA1",48.798
"PLXNA4",525.356
"PLXNB1",26.197
"PLXNB3",15.15
"PM20D2",19.515
"PMAIP1",4.358
"PMEPA1",63.144
"PMS2L2",15.535
"PNMA2",9.406
"PNMA6A",2.536
"PNMAL1",5.072
"PNMAL2",9.592
"PNPLA4",29.492
"PNPLA7",90.581
"PODNL1",22.205
"PODXL",57.955
"POLE2",44.867
"POLQ",115.214
"POLR2J2",20.0805
"POLR3G",42.805
"POMZP3",17.275
"PON2",30.331
"POPDC2",28.867
"POTEF",55.687
"POU2AF1",103.378
"POU6F1",30.757
"PPAP2A",110.196
"PPAPDC3",19.568
"PPARA",93.235
"PPARG",146.988
"PPFIA3",31.637
"PPFIBP1",172.133
"PPIAL4C",0.6915
"PPIAL4G",3.855
"PPIEL",25.388
"PPIL6",50.956
"PPM1J",5.483
"PPP1R12B",244.007
"PPP1R13B",113.838
"PPP1R16A",24.152
"PPP1R16B",117.319
"PPP1R3B",15.319
"PPP1R3F",31.618
"PPP1R3G",4.906
"PPP4R1L",80.499
"PRAF2",2.915
"PRAM1",13.056
"PRDM1",23.619
"PRDM11",139.318
"PRDM5",237.951
"PRDX2",5.039
"PRELID2",363.57
"PRELP",15.524
"PRICKLE1",133.601
"PRICKLE4",6.7235
"PRIM1",20.777
"PRKACB",160.436
"PRKAR1B",178.453
"PRKCB",384.61
"PRKCDBP",1.701
"PRKCH",363.417
"PRKCI",83.616
"PRKD1",615.419
"PRKG1",1306.992
"PRKX",109.238
"PRLR",181.833
"PRNP",15.354
"PROCA1",8.657
"PRODH",23.776
"PROM2",16.855
"PRR11",49.206
"PRR15",3.484
"PRR15L",5.911
"PRR22",1.805
"PRR4",325.764
"PRRG4",28.18
"PRRT2",4.024
"PRRT3",6.852
"PRRX1",76.691
"PRRX2",57.033
"PRSS27",8.133
"PRSS8",4.329
"PRTFDC1",103.997
"PRUNE2",294.711
"PSAT1",32.95
"PSD3",557.429
"PSMB10",2.585
"PSTPIP1",43.973
"PTAFR",46.77
"PTCH2",23.219
"PTGER3",195.455
"PTGES",14.716
"PTGIR",4.65
"PTGR1",50.133
"PTGS2",8.636
"PTHLH",14.621
"PTK2",344.316
"PTK2B",147.909
"PTK6",9.369
"PTK7",85.451
"PTMS",5.436
"PTN",116.524
"PTPLA",28.345
"PTPLAD2",32.121
"PTPN13",220.856
"PTPN14",203.753
"PTPN21",88.955
"PTPN22",57.948
"PTPN7",14.575
"PTPRB",121.574
"PTPRE",178.794
"PTPRG",736.044
"PTPRJ",190.283
"PTPRK",551.895
"PTPRM",840.079
"PTPRO",275.002
"PTRF",21.065
"PTRH1",31.895
"PTTG1",6.922
"PUSL1",3.11
"PVRIG",3.249
"PVRL2",43.053
"PVRL3",205.492
"PVT1",306.72
"PWWP2B",20.695
"PXDN",112.965
"PXK",93.246
"PXMP4",17.565
"PYCRL",5.86
"PYGL",86.845
"PYROXD2",31.619
"QDPR",51.973
"QKI",164.596
"QPCT",28.748
"QPRT",19.691
"RAB11FIP1",40.849
"RAB11FIP5",83.339
"RAB15",26.962
"RAB17",27.292
"RAB20",38.667
"RAB26",13.362
"RAB30",98.79
"RAB34",4.145
"RAB37",76.757
"RAB38",62.225
"RAB3A",7.29
"RAB3IL1",22.968
"RAB3IP",84.523
"RAB6C",3.074
"RAD51AP1",21.25
"RAD54L",30.785
"RAD54L2",127.523
"RADIL",86.664
"RAG1",82.447
"RAI14",176.39
"RAI2",61.288
"RALGAPA2",322.936
"RALGPS1",308.392
"RAMP1",53.221
"RAMP3",28.511
"RANBP17",438.145
"RAP1GAP2",260.683
"RAPGEF5",238.906
"RAPGEF6",211.315
"RAPGEFL1",18.646
"RARRES1",35.804
"RARRES2",3.357
"RASA2",128.295
"RASA4",42.95
"RASAL3",12.947
"RASD2",13.133
"RASGEF1A",72.384
"RASGEF1B",617.851
"RASGRF1",130.826
"RASGRP1",77.472
"RASGRP4",17.254
"RASL10B",11.872
"RASL11A",3.363
"RASL11B",4.545
"RASL12",23.353
"RASSF2",43.622
"RASSF4",36.484
"RASSF7",3.617
"RBKS",109.734
"RBM43",13.939
"RBM47",207.608
"RBMS3",729.409
"RBP5",5.258
"RBP7",18.814
"RBPMS2",35.695
"RCAN1",102
"RCAN2",271.236
"RCN3",19.344
"RCOR2",5.623
"RDH10",30.669
"RDH5",4.338
"RECK",88.018
"REEP1",124.09
"REEP6",7.18
"RELL2",4.127
"RELT",21.21
"REPS2",206.589
"REST",27.968
"RET",53.324
"RFC3",148.509
"RGAG4",4.791
"RGL1",292.446
"RGL3",35.001
"RGPD1",106.028
"RGPD4",63.904
"RGPD5",64.937
"RGS1",4.304
"RGS14",14.764
"RGS16",5.785
"RGS18",27.358
"RGS2",3.244
"RGS4",8.027
"RHOB",2.371
"RHOBTB3",110.861
"RHOC",6.328
"RHOD",15.195
"RHOJ",89.105
"RHOU",11.592
"RHPN1",15.365
"RILP",3.932
"RILPL1",63.664
"RIMKLA",41.783
"RIMKLB",101.495
"RIMS3",44.978
"RIN1",6.598
"RIN2",115.936
"RINL",10.445
"RIPK3",4.024
"RLTPR",12.65
"RMRP",0.267
"RNASE1",2.05
"RNASE6",1.416
"RNASET2",27.687
"RND1",8.753
"RND2",6.795
"RNF125",54.841
"RNF145",52.644
"RNF152",86.184
"RNF157",97.92
"RNF180",207.025
"RNF207",15.824
"RNF208",1.334
"RNF213",137.92
"RNF24",88.273
"RNF43",65.095
"RNPC3",29.548
"ROBO1",1170.575
"ROMO1",1.712
"ROR1",407.476
"ROR2",387.071
"RORA",741.035
"RPL13AP20",0.608
"RPL19P12",0.59
"RPL22L1",5.608
"RPL23AP82",44.361
"RPL23P8",0.427
"RPL32P3",16.733
"RPL36A",5.33
"RPL39",5.139
"RPL7",5.522
"RPLP0P2",24.413
"RPP25",3.048
"RPPH1",0.637
"RPS10P7",11.771
"RPS26",2.822
"RPS28",2.182
"RPS6KA2",497.087
"RPS6KA5",212.774
"RPSAP9",0.887
"RRAD",3.965
"RRAS2",86.58
"RRN3P1",24.304
"RSAD2",32.433
"RTKN",16.586
"RTKN2",85.672
"RTN1",274.99
"RTN4R",41.831
"RTN4RL1",90.668
"RTN4RL2",16.985
"RUNDC3B",204.748
"RYR1",153.865
"S100A1",4.113
"S100A10",11.475
"S100A11",15.401
"S100A13",15.305
"S100A14",2.731
"S100A2",6.782
"S100A6",1.645
"S100A8",1.156
"S100A9",3.173
"S100B",6.246
"S1PR1",4.63
"S1PR2",7.428
"S1PR5",5.189
"SACS",104.905
"SALL2",16.135
"SAMD12",216.5255
"SAMD5",228.62
"SAMD9",18.51
"SAMD9L",18.314
"SAMHD1",61.614
"SAMSN1",98.174
"SARDH",76.395
"SASH1",279.746
"SATB2",201.766
"SCARA3",42.908
"SCARB1",105.812
"SCARF1",11.889
"SCARF2",13.274
"SCD5",169.318
"SCG5",55.422
"SCHIP1",57.499
"SCML1",17.539
"SCML2",115.413
"SCN1B",9.764
"SCN4B",19.511
"SCN8A",222.598
"SCNN1A",30.887
"SCNN1D",11.593
"SCRN1",70.186
"SCUBE3",38.66
"SDC2",118.429
"SDCBP2",19.33
"SDF2L1",2.037
"SDHAP3",22.398
"SDK1",967.552
"SDPR",12.953
"SEC16B",60.347
"SEC31B",33.222
"SECTM1",13.05
"SELENBP1",8.431
"SELL",21.031
"SELM",15.297
"SELP",41.344
"SEMA3A",536.947
"SEMA3B",9.988
"SEMA3C",179.821
"SEMA3G",12.032
"SEMA4B",69.075
"SEMA4G",16.353
"SEMA5A",511.049
"SEMA6A",131.318
"SEMA6B",17.215
"SEMA6D",590.122
"SEMA7A",25.178
"SEPP1",87.512
"SEPW1",6.114
"SERHL2",20.765
"SERINC2",25.115
"SERINC5",144.428
"SERPINA1",13.946
"SERPINB1",9.674
"SERPINB8",35.742
"SERPINB9",16.014
"SERPINE1",12.177
"SERPINE2",64.207
"SERPINF2",12.432
"SERPING1",17.466
"SERPINH1",10.727
"SERTAD4",13.832
"SESN3",67.001
"SETBP1",388.337
"SFMBT2",252.862
"SFN",1.319
"SFRP4",119.763
"SFXN2",28.954
"SGCB",17.776
"SGCD",897.444
"SGCE",70.979
"SGK1",148.866
"SGK223",68.762
"SGK3",149.604
"SGK494",6.236
"SGOL2",73.774
"SGPP2",136.431
"SGSM1",121.409
"SH2B2",36.62
"SH2B3",45.675
"SH2D2A",10.619
"SH2D3A",15.428
"SH2D4A",82.601
"SH3BGRL",96.604
"SH3BP1",32.278
"SH3BP4",103.741
"SH3BP5",86.515
"SH3PXD2A",261.516
"SH3PXD2B",129.342
"SH3RF3",375.284
"SH3TC1",59.731
"SH3TC2",139.524
"SHANK2",784.721
"SHANK3",58.883
"SHB",150.077
"SHC2",44.413
"SHCBP1",41.072
"SHF",33.961
"SHISA2",6.434
"SHMT1",35.703
"SHPRH",100.178
"SHROOM1",8.757
"SHROOM2",162.987
"SHROOM3",348.153
"SIAE",62.594
"SIDT1",97.282
"SIGIRR",11.739
"SIGLEC10",7.782
"SIGLEC14",4.248
"SIGLEC5",34.42
"SIGLEC7",11.227
"SIM2",50.784
"SIPA1L2",163.593
"SIRPB1",56.54
"SIRPB2",20.846
"SIT1",1.655
"SIX5",4.441
"SLA",66.33
"SLA2",33.898
"SLAMF1",39.195
"SLAMF6",38.232
"SLAMF7",15.764
"SLC11A1",14.865
"SLC12A2",105.922
"SLC12A6",108.064
"SLC12A7",61.659
"SLC12A8",130.228
"SLC15A3",15.447
"SLC16A1",45.166
"SLC16A10",143.691
"SLC16A14",34.025
"SLC16A2",112.456
"SLC16A3",32.732
"SLC16A4",28.234
"SLC16A5",18.435
"SLC16A6",24.241
"SLC16A9",85.241
"SLC19A2",22.094
"SLC1A1",97.025
"SLC1A3",81.979
"SLC1A5",13.711
"SLC20A2",125.451
"SLC22A15",93.556
"SLC22A17",6.606
"SLC22A18AS",16.165
"SLC22A23",188.06
"SLC22A3",104.313
"SLC24A3",510.291
"SLC25A23",29.124
"SLC25A27",25.278
"SLC25A33",45.697
"SLC25A35",7.58
"SLC25A4",7.141
"SLC25A42",48.889
"SLC26A11",33.801
"SLC29A4",32.501
"SLC2A10",26.86
"SLC2A12",63.939
"SLC2A13",351.068
"SLC2A3",17.045
"SLC2A4",6.59
"SLC2A5",53.371
"SLC2A6",8.042
"SLC2A8",11.286
"SLC2A9",283.783
"SLC30A4",43.196
"SLC31A2",13.195
"SLC35E2",21.154
"SLC36A4",53.793
"SLC37A1",85.432
"SLC37A2",27.449
"SLC37A4",6.792
"SLC38A1",86.954
"SLC39A4",7.153
"SLC39A6",20.853
"SLC39A8",180.217
"SLC40A1",23.179
"SLC41A2",156.191
"SLC43A1",31.252
"SLC44A3",74.904
"SLC44A4",15.854
"SLC45A3",22.608
"SLC45A4",101.139
"SLC46A3",18.906
"SLC47A1",83.649
"SLC4A3",14.653
"SLC4A4",384.801
"SLC4A8",124.446
"SLC5A3",32.69
"SLC6A12",24.493
"SLC6A8",8.494
"SLC6A9",39.967
"SLC7A1",86.278
"SLC7A11",78.252
"SLC7A2",73.485
"SLC7A5",39.465
"SLC7A7",56.598
"SLC7A8",58.379
"SLC8A1",513.783
"SLC9A3R1",20.701
"SLC9A5",34.507
"SLC9A9",583.309
"SLCO2A1",119.488
"SLCO2B1",105.986
"SLCO3A1",318.74
"SLCO4A1",43.34
"SLFN11",23.396
"SLFN12",22.223
"SLFN13",13.741
"SLIT3",639.396
"SLMO1",24.342
"SMAD6",80.62
"SMAD7",30.858
"SMAD9",75.934
"SMARCA1",76.999
"SMARCD3",39.132
"SMC4",35.688
"SMOC2",232.294
"SMOX",66.767
"SNAI3",8.811
"SNCAIP",152.865
"SNCG",4.642
"SNED1",96.73
"SNHG1",3.926
"SNHG5",17.786
"SNHG9",0.55
"SNPH",43.012
"SNRPN",155.076
"SNTB1",277.528
"SNX10",82.434
"SNX20",15.053
"SNX24",185.915
"SNX25",165.948
"SOD3",10.93
"SORBS1",249.643
"SORBS2",371.208
"SORL1",181.49
"SOX12",4.823
"SOX13",54.628
"SOX18",2.059
"SOX9",5.4
"SP140",110.105
"SP140L",76.548
"SP6",10.966
"SPAG1",101.372
"SPAG16",1126.122
"SPAG4",5.157
"SPAG5",21.714
"SPARC",26.069
"SPARCL1",57.726
"SPATA13",191.243
"SPATA17",240.372
"SPDYE6",9.238
"SPEF2",196.767
"SPHAR",0.647
"SPHK1",11.276
"SPI1",23.716
"SPIRE1",211.622
"SPIRE2",53.14
"SPOCD1",25.629
"SPOCK2",29.997
"SPON1",305.195
"SPP1",7.776
"SPRY1",6.965
"SPRY2",4.975
"SPRY3",14.647
"SPRY4",16.028
"SPSB1",76.652
"SPTBN5",45.933
"SPTLC3",160.124
"SQRDL",60.146
"SRCIN1",75.914
"SRGAP1",317.928
"SRGAP3",382.462
"SRPX",71.588
"SRPX2",27.081
"SRRM3",85.388
"SSBP2",338.776
"SSC5D",30.694
"ST14",50.814
"ST3GAL1",117.092
"ST3GAL4",84.704
"ST3GAL6",88.965
"ST5",217.6
"ST6GAL1",148.068
"ST6GAL2",85.508
"ST6GALNAC3",559.882
"ST8SIA1",373.268
"ST8SIA4",96.331
"STAB1",29.157
"STAG3",43.925
"STAG3L2",8.447
"STAG3L3",36.226
"STAMBPL1",95.419
"STAP2",18.743
"STARD13",247.495
"STARD4",16.557
"STARD5",15.13
"STAT1",56.602
"STAT4",122.02
"STC2",14.79
"STEAP1",10.454
"STEAP3",41.821
"STEAP4",30.462
"STIL",64.008
"STK17B",42.937
"STK32B",449.556
"STK36",30.69
"STMN1",22.81
"STMN3",6.9835
"STON1",69.13
"STON2",175.809
"STOX1",67.891
"STRADB",92.988
"STX11",37.844
"STX18",126.604
"STX1A",20.466
"STX1B",21.372
"STXBP1",80.451
"STXBP5",181.305
"STYK1",55.379
"SULF2",130.268
"SUSD1",134.623
"SUSD5",69.173
"SV2A",14.564
"SVEP1",214.629
"SVIL",279.443
"SVIP",16.5
"SYDE1",7.585
"SYDE2",44.173
"SYK",96.762
"SYNE1",516.117
"SYNE2",373.45
"SYNGAP1",33.619
"SYNGR1",35.663
"SYNM",37.376
"SYNPO",58.14
"SYNPO2",210.559
"SYT15",14.342
"SYTL1",11.917
"SYTL2",116.935
"SYTL4",57.632
"TACC1",124.842
"TACC2",265.371
"TACC3",23.686
"TACR2",12.964
"TACSTD2",2.35
"TAF1L",6.215
"TAF4B",165.749
"TAGAP",10.684
"TAGLN",5.461
"TANC1",264.025
"TANC2",418.143
"TAP2",21.001
"TBC1D16",103.505
"TBC1D2",56.722
"TBC1D3",92.111
"TBC1D3B",98.903
"TBC1D4",197.449
"TBC1D8B",73.465
"TBC1D9",135.355
"TBKBP1",17.969
"TBXAS1",243.274
"TCEA3",43.679
"TCEAL6",2.494
"TCF4",442.456
"TCF7",37.154
"TCN2",20.44
"TCTE3",11.445
"TCTEX1D2",27.08
"TCTN1",35.403
"TEAD1",269.892
"TEAD2",21.862
"TEAD3",23.479
"TEC",134.081
"TEK",121.034
"TENC1",17.403
"TESC",60.556
"TESK2",147.283
"TFAP2A",26.473
"TFAP2E",21.958
"TFEC",224.748
"TFPI",101.53
"TFPI2",5.594
"TFRC",55.006
"TGFA",106.913
"TGFB1",52.324
"TGFB1I1",6.375
"TGFB2",98.384
"TGFB3",24.892
"THAP10",11.443
"THBD",4.108
"THSD1",29.327
"THSD4",686.431
"THSD7A",461.841
"THY1",7.607
"TIAM2",425.026
"TIGD7",6.897
"TIGIT",33.375
"TIMP1",4.476
"TIMP3",61.342
"TINAGL1",11.201
"TIPARP",33.535
"TJP1",269.498
"TLCD1",3.587
"TLE1",105.622
"TLE2",49.997
"TLN2",454.105
"TLR1",66.14
"TLR2",4.199
"TLR3",18.917
"TLR4",12.539
"TLR5",33.876
"TLR6",33.102
"TLR7",23.297
"TLR8",16.549
"TM4SF1",8.843
"TMC4",13.142
"TMC6",21.949
"TMC7",80.008
"TMC8",12.198
"TMED7-TICAM2",47.519
"TMEFF1",104.523
"TMEM101",12.758
"TMEM106A",8.206
"TMEM108",359.401
"TMEM117",553.795
"TMEM119",8.474
"TMEM125",4.008
"TMEM132A",12.696
"TMEM133",1.952
"TMEM139",8.091
"TMEM140",18.143
"TMEM141",1.902
"TMEM154",61.533
"TMEM158",1.812
"TMEM159",22.239
"TMEM163",263.241
"TMEM169",20.917
"TMEM176B",10.075
"TMEM180",15.65
"TMEM184A",18.586
"TMEM191A",3.492
"TMEM200A",77.329
"TMEM200B",4.507
"TMEM204",26.892
"TMEM217",45.975
"TMEM220",31.301
"TMEM229B",86.655
"TMEM25",16.239
"TMEM27",37.713
"TMEM30B",4.47
"TMEM38A",28.902
"TMEM45A",84.825
"TMEM47",30.224
"TMEM51",67.948
"TMEM56",80.269
"TMEM63A",36.833
"TMEM64",169.637
"TMEM71",75.705
"TMEM86A",11.663
"TMEM88",1.034
"TMEM8B",40.396
"TMEM92",10.079
"TMEM97",9.59
"TMEM99",17.168
"TMOD1",100.568
"TMPPE",6.38
"TMPRSS13",28.816
"TMPRSS3",24.956
"TMSB15B",47.816
"TMTC1",283.919
"TMTC2",447.99
"TNC",98.679
"TNF",2.769
"TNFAIP2",13.997
"TNFAIP3",16.124
"TNFAIP6",22.456
"TNFAIP8",130.996
"TNFAIP8L3",48.678
"TNFRSF10A",34.674
"TNFRSF10C",33.082
"TNFRSF10D",28.442
"TNFRSF12A",3.938
"TNFRSF14",9.743
"TNFRSF18",3.183
"TNFRSF19",105.734
"TNFRSF1B",42.225
"TNFRSF21",78.373
"TNFRSF25",5.044
"TNFRSF6B",2.016
"TNFRSF8",80.83
"TNFSF10",17.999
"TNFSF13B",57.244
"TNFSF4",23.579
"TNFSF9",4.929
"TNIK",399.069
"TNKS1BP1",25.314
"TNRC6C",104.667
"TNS1",203.206
"TNS3",307.404
"TNXB",74.18
"TOM1L1",62.569
"TOP2A",29.434
"TOX2",154.752
"TP53I3",8.428
"TP53INP1",23.439
"TP53INP2",9.149
"TP53TG1",20.29
"TP73",83.681
"TPBG",7.622
"TPD52",196.364
"TPD52L1",145.358
"TPI1P2",0.751
"TPK1",384.454
"TPM1",29.283
"TPPP",33.533
"TPSB2",2.912
"TPST1",215.344
"TRAF3IP3",26.288
"TRAF4",6.974
"TRAF5",48.331
"TRAIP",27.975
"TRAM1L1",2.022
"TRDMT1",59.8
"TREM2",4.68
"TRERF1",227.12
"TRIB1",8.084
"TRIB2",25.845
"TRIB3",34.724
"TRIL",4.934
"TRIM16L",38.12
"TRIM22",47.4
"TRIM29",74.254
"TRIM36",55.784
"TRIM45",11.527
"TRIM46",11.184
"TRIM47",4.414
"TRIM56",6.297
"TRIM6",16.849
"TRIM66",59.829
"TRIM7",11.369
"TRIM9",120.799
"TRIP6",6.316
"TROAP",8.495
"TRPM2",92.918
"TRPM4",54.095
"TRPS1",401.177
"TRPV1",51.2295
"TRPV2",21.461
"TRPV4",50.316
"TSC22D3",64.121
"TSHZ2",522.923
"TSHZ3",74.602
"TSKU",15.903
"TSPAN1",10.885
"TSPAN11",70.171
"TSPAN12",71.082
"TSPAN13",31.001
"TSPAN33",24.805
"TSPAN7",127.55
"TSPYL5",4.49
"TSSK3",12.791
"TST",9.324
"TSTA3",5.43
"TSTD1",1.359
"TTBK2",182.075
"TTC18",105.1
"TTC22",21.555
"TTC25",35.016
"TTC28",701.851
"TTC30A",5.974
"TTC39A",57.858
"TTC39C",142.837
"TTLL12",20.511
"TTLL3",47.052
"TTN",304.813
"TUB",86.868
"TUBA1A",4.528
"TUBA1C",85.867
"TUBA4A",28.459
"TUBB6",36.651
"TUBG2",7.701
"TUSC3",349.434
"TXNIP",4.165
"TXNRD1",134.526
"TYROBP",3.894
"UBASH3B",158.798
"UBB",1.947
"UBC",5.764
"UBD",4.41
"UBE2C",4.381
"UBE2MP1",0.549
"UBXN7",84.812
"UCP2",8.64
"UFSP1",0.995
"UGCG",38.603
"UGDH",29.556
"UHRF1",59.074
"ULBP3",5.945
"UNC13D",17.492
"UNC5CL",12.306
"UPK3BL",5.766
"UQCRHL",2.179
"USP2",26.511
"USP51",4.586
"VAMP1",8.75
"VAV1",84.652
"VAV3",393.984
"VCAN",110.838
"VDR",101.511
"VEGFA",16.303
"VEGFC",109.189
"VILL",19.129
"VIM",9.334
"VIPR1",48.274
"VMO1",1.148
"VPS13A",244.188
"VPS37D",4.287
"VSIG10",72.433
"VSIG10L",10.588
"VWA1",8.021
"WAS",14.831
"WASF1",80.185
"WASF3",131.245
"WBP11P1",2.971
"WDFY4",298.08
"WDR27",244.836
"WDR31",27.076
"WDR54",4.077
"WDR66",86.065
"WDR76",41.456
"WDR78",112.002
"WDR90",18.522
"WDR91",27.695
"WFDC2",11.826
"WFIKKN1",4.877
"WIPF1",123.344
"WIPI1",36.565
"WISP1",39.305
"WLS",134.647
"WNT10A",19.218
"WNT11",24.411
"WNT2B",63.624
"WNT4",26.664
"WNT5A",24.824
"WSCD1",352.193
"WTIP",30.666
"WWC1",180.652
"WWP1",135.682
"WWTR1",219.479
"XAF1",20.2
"XK",46.371
"XPR1",258.247
"XRCC2",31.386
"YAP1",122.962
"YPEL1",38.29
"YPEL2",70.04
"ZBED3",15.251
"ZBTB10",40.646
"ZBTB37",35.467
"ZBTB42",4.116
"ZBTB7C",384.079
"ZC3H12A",9.827
"ZC3H12C",78.48
"ZC3HAV1L",10.323
"ZCWPW1",28.166
"ZDBF2",39.765
"ZDHHC1",22.414
"ZDHHC11",55.38
"ZDHHC2",68.77
"ZDHHC21",82.4
"ZDHHC23",17.5
"ZEB1",211.319
"ZFHX4",186.066
"ZFP2",37.318
"ZFP28",17.862
"ZFP3",18.126
"ZFP36",2.599
"ZFP36L2",4.207
"ZFP37",18.379
"ZFP82",35.536
"ZFPM1",83.699
"ZFYVE28",149.081
"ZGLP1",5.077
"ZKSCAN1",26.117
"ZMAT1",49.743
"ZNF10",28.89
"ZNF100",44.862
"ZNF107",45.499
"ZNF117",34.908
"ZNF121",24.18
"ZNF124",50.041
"ZNF132",7.408
"ZNF134",9.123
"ZNF135",27.071
"ZNF141",47.05
"ZNF154",11.827
"ZNF165",8.588
"ZNF169",42.143
"ZNF175",21.21
"ZNF177",19.597
"ZNF185",59.038
"ZNF204P",2.396
"ZNF205",7.957
"ZNF219",14.676
"ZNF221",16.486
"ZNF233",15.437
"ZNF239",18.274
"ZNF253",28.788
"ZNF254",96.556
"ZNF256",6.842
"ZNF273",60.794
"ZNF280B",24.733
"ZNF285",19.31
"ZNF286B",23.833
"ZNF287",17.819
"ZNF296",5.088
"ZNF300",10.591
"ZNF304",8.591
"ZNF311",10.531
"ZNF320",33.903
"ZNF331",59.288
"ZNF345",62.668
"ZNF347",35.003
"ZNF350",22.513
"ZNF354C",23.122
"ZNF358",5.734
"ZNF366",65.075
"ZNF382",23.78
"ZNF385A",22.165
"ZNF391",29.289
"ZNF395",57.116
"ZNF396",10.64
"ZNF404",29.022
"ZNF415",25.198
"ZNF418",13.509
"ZNF420",122.457
"ZNF423",370.395
"ZNF425",23.562
"ZNF426",10.636
"ZNF429",59.588
"ZNF43",47.176
"ZNF431",54.029
"ZNF433",21.009
"ZNF439",35.024
"ZNF441",17.078
"ZNF442",16.534
"ZNF443",11.405
"ZNF460",13.518
"ZNF469",13.286
"ZNF470",21.4
"ZNF471",22.378
"ZNF486",33.262
"ZNF491",11.955
"ZNF493",30.454
"ZNF497",8.491
"ZNF501",7.487
"ZNF502",11.188
"ZNF503",62.798
"ZNF506",35.912
"ZNF512B",92.056
"ZNF518A",75.573
"ZNF518B",17.536
"ZNF519",75.033
"ZNF525",61.542
"ZNF528",20.563
"ZNF529",70.502
"ZNF540",62.691
"ZNF546",33.473
"ZNF549",30.217
"ZNF552",11.072
"ZNF569",58.12
"ZNF570",21.067
"ZNF573",81.467
"ZNF577",35.148
"ZNF578",58.578
"ZNF579",4.075
"ZNF582",17.699
"ZNF583",38.069
"ZNF585B",36.574
"ZNF587",15.255
"ZNF594",12.347
"ZNF595",34.926
"ZNF596",15.205
"ZNF610",31.533
"ZNF611",32.26
"ZNF618",180.309
"ZNF620",12.744
"ZNF625",14.639
"ZNF649",15.816
"ZNF662",11.91
"ZNF665",34.173
"ZNF671",7.873
"ZNF675",161.589
"ZNF678",113.9
"ZNF680",43.222
"ZNF681",19.696
"ZNF682",42.448
"ZNF69",26.545
"ZNF692",9.138
"ZNF699",15.563
"ZNF701",31.352
"ZNF702P",69.647
"ZNF703",4.27
"ZNF704",246.33
"ZNF708",107.925
"ZNF709",71.2925
"ZNF711",29.33
"ZNF713",54.749
"ZNF714",43.111
"ZNF717",75.94
"ZNF718",39.509
"ZNF737",29.984
"ZNF738",20.372
"ZNF763",34.7795
"ZNF771",22.302
"ZNF772",10.907
"ZNF774",16.901
"ZNF775",43.68
"ZNF788",44.972
"ZNF790",33.359
"ZNF793",41.78
"ZNF799",11.255
"ZNF813",28.52
"ZNF814",40.343
"ZNF827",181.008
"ZNF83",96.521
"ZNF837",13.442
"ZNF844",16.866
"ZNF85",27.475
"ZNF853",8.673
"ZNF860",9.857
"ZNF862",29.112
"ZNF879",11.312
"ZNF880",15.878
"ZNF90",49.082
"ZNF91",90.569
"ZNF92",27.336
"ZNF93",34.662
"ZNRF3",173.895
"ZSCAN12",20.779
"ZSCAN12P1",2.51
"ZSCAN18",34.589
"ZSWIM5",289.81
"ZWINT",4.047
